[
    {
        "model": "tutoriais.material",
        "pk": 1,
        "fields": {
            "nome": "Regador"
        }
    },
    {
        "model": "tutoriais.material",
        "pk": 2,
        "fields": {
            "nome": "Fertilizante NPK"
        }
    },
    {
        "model": "tutoriais.material",
        "pk": 3,
        "fields": {
            "nome": "Tesoura de poda"
        }
    },
    {
        "model": "tutoriais.material",
        "pk": 4,
        "fields": {
            "nome": "Luvas de jardinagem"
        }
    },
    {
        "model": "tutoriais.material",
        "pk": 5,
        "fields": {
            "nome": "Borrifador"
        }
    },
    {
        "model": "tutoriais.material",
        "pk": 6,
        "fields": {
            "nome": "Substrato"
        }
    },
    {
        "model": "tutoriais.material",
        "pk": 7,
        "fields": {
            "nome": "Sementes"
        }
    },
    {
        "model": "tutoriais.material",
        "pk": 8,
        "fields": {
            "nome": "Vaso"
        }
    },
    {
        "model": "tutoriais.material",
        "pk": 9,
        "fields": {
            "nome": "Água"
        }
    },
    {
        "model": "tutoriais.material",
        "pk": 10,
        "fields": {
            "nome": "Inseticida orgânico"
        }
    },
    {
        "model": "tutoriais.tutorial",
        "pk": 1,
        "fields": {
            "titulo": "Como regar plantas adequadamente",
            "descricao": "Tutorial completo sobre a técnica correta de irrigação para diferentes tipos de plantas",
            "criado_em": "2023-09-15T10:00:00Z",
            "atualizado_em": "2023-09-15T10:00:00Z"
        }
    },
    {
        "model": "tutoriais.tutorial",
        "pk": 2,
        "fields": {
            "titulo": "Poda de parreiras: técnicas e timing",
            "descricao": "Guia completo sobre quando e como podar parreiras para maximizar a produção",
            "criado_em": "2023-09-20T14:30:00Z",
            "atualizado_em": "2023-09-20T14:30:00Z"
        }
    },
    {
        "model": "tutoriais.tutorial",
        "pk": 3,
        "fields": {
            "titulo": "Aplicação de fertilizante NPK",
            "descricao": "Como aplicar fertilizante NPK corretamente para nutrir suas plantas",
            "criado_em": "2023-09-25T09:15:00Z",
            "atualizado_em": "2023-09-25T09:15:00Z"
        }
    },
    {
        "model": "tutoriais.tutorial",
        "pk": 4,
        "fields": {
            "titulo": "Identificação e controle de pragas",
            "descricao": "Aprenda a identificar pragas comuns e como controlá-las de forma orgânica",
            "criado_em": "2023-10-01T11:00:00Z",
            "atualizado_em": "2023-10-01T11:00:00Z"
        }
    },
    {
        "model": "tutoriais.tutorial",
        "pk": 5,
        "fields": {
            "titulo": "Plantio de hortaliças em vaso",
            "descricao": "Guia completo para plantar hortaliças em vasos e pequenos espaços",
            "criado_em": "2023-10-05T16:45:00Z",
            "atualizado_em": "2023-10-05T16:45:00Z"
        }
    },
    {
        "model": "tutoriais.tutorial",
        "pk": 6,
        "fields": {
            "titulo": "Colheita no tempo certo",
            "descricao": "Como saber quando suas plantas estão prontas para a colheita",
            "criado_em": "2023-10-10T13:20:00Z",
            "atualizado_em": "2023-10-10T13:20:00Z"
        }
    },
    {
        "model": "tutoriais.materialtutorial",
        "pk": 1,
        "fields": {
            "tutorial": 1,
            "material": 1,
            "quantidade": "1.00",
            "unidade": "un"
        }
    },
    {
        "model": "tutoriais.materialtutorial",
        "pk": 2,
        "fields": {
            "tutorial": 1,
            "material": 9,
            "quantidade": "2.00",
            "unidade": "litros"
        }
    },
    {
        "model": "tutoriais.materialtutorial",
        "pk": 3,
        "fields": {
            "tutorial": 2,
            "material": 3,
            "quantidade": "1.00",
            "unidade": "un"
        }
    },
    {
        "model": "tutoriais.materialtutorial",
        "pk": 4,
        "fields": {
            "tutorial": 2,
            "material": 4,
            "quantidade": "1.00",
            "unidade": "par"
        }
    },
    {
        "model": "tutoriais.materialtutorial",
        "pk": 5,
        "fields": {
            "tutorial": 3,
            "material": 2,
            "quantidade": "500.00",
            "unidade": "g"
        }
    },
    {
        "model": "tutoriais.materialtutorial",
        "pk": 6,
        "fields": {
            "tutorial": 3,
            "material": 9,
            "quantidade": "3.00",
            "unidade": "litros"
        }
    },
    {
        "model": "tutoriais.materialtutorial",
        "pk": 7,
        "fields": {
            "tutorial": 4,
            "material": 5,
            "quantidade": "1.00",
            "unidade": "un"
        }
    },
    {
        "model": "tutoriais.materialtutorial",
        "pk": 8,
        "fields": {
            "tutorial": 4,
            "material": 10,
            "quantidade": "250.00",
            "unidade": "ml"
        }
    },
    {
        "model": "tutoriais.materialtutorial",
        "pk": 9,
        "fields": {
            "tutorial": 5,
            "material": 8,
            "quantidade": "3.00",
            "unidade": "un"
        }
    },
    {
        "model": "tutoriais.materialtutorial",
        "pk": 10,
        "fields": {
            "tutorial": 5,
            "material": 6,
            "quantidade": "5.00",
            "unidade": "kg"
        }
    },
    {
        "model": "tutoriais.materialtutorial",
        "pk": 11,
        "fields": {
            "tutorial": 5,
            "material": 7,
            "quantidade": "1.00",
            "unidade": "pacote"
        }
    },
    {
        "model": "tutoriais.materialtutorial",
        "pk": 12,
        "fields": {
            "tutorial": 6,
            "material": 3,
            "quantidade": "1.00",
            "unidade": "un"
        }
    },
    {
        "model": "tutoriais.etapa",
        "pk": 1,
        "fields": {
            "tutorial": 1,
            "descricao": "Verifique a umidade do solo inserindo o dedo cerca de 2cm na terra",
            "ordem": 1
        }
    },
    {
        "model": "tutoriais.etapa",
        "pk": 2,
        "fields": {
            "tutorial": 1,
            "descricao": "Regue lentamente ao redor da base da planta, evitando as folhas",
            "ordem": 2
        }
    },
    {
        "model": "tutoriais.etapa",
        "pk": 3,
        "fields": {
            "tutorial": 1,
            "descricao": "Pare quando a água começar a escorrer pelos furos de drenagem",
            "ordem": 3
        }
    },
    {
        "model": "tutoriais.etapa",
        "pk": 4,
        "fields": {
            "tutorial": 2,
            "descricao": "Identifique os ramos mais velhos e improdutivos da parreira",
            "ordem": 1
        }
    },
    {
        "model": "tutoriais.etapa",
        "pk": 5,
        "fields": {
            "tutorial": 2,
            "descricao": "Corte os ramos em ângulo de 45 graus, deixando 2-3 gemas por ramo",
            "ordem": 2
        }
    },
    {
        "model": "tutoriais.etapa",
        "pk": 6,
        "fields": {
            "tutorial": 2,
            "descricao": "Remova todos os galhos mortos ou doentes",
            "ordem": 3
        }
    },
    {
        "model": "tutoriais.etapa",
        "pk": 7,
        "fields": {
            "tutorial": 3,
            "descricao": "Dilua o fertilizante NPK em água conforme as instruções da embalagem",
            "ordem": 1
        }
    },
    {
        "model": "tutoriais.etapa",
        "pk": 8,
        "fields": {
            "tutorial": 3,
            "descricao": "Regue o solo ao redor da planta com a solução nutritiva",
            "ordem": 2
        }
    },
    {
        "model": "tutoriais.etapa",
        "pk": 9,
        "fields": {
            "tutorial": 3,
            "descricao": "Aplique preferencialmente nas primeiras horas da manhã ou final da tarde",
            "ordem": 3
        }
    },
    {
        "model": "tutoriais.etapa",
        "pk": 10,
        "fields": {
            "tutorial": 4,
            "descricao": "Examine as folhas procurando por manchas, furos ou insetos",
            "ordem": 1
        }
    },
    {
        "model": "tutoriais.etapa",
        "pk": 11,
        "fields": {
            "tutorial": 4,
            "descricao": "Verifique a parte inferior das folhas onde muitas pragas se escondem",
            "ordem": 2
        }
    },
    {
        "model": "tutoriais.etapa",
        "pk": 12,
        "fields": {
            "tutorial": 4,
            "descricao": "Se encontrar pragas, aplique inseticida orgânico conforme as instruções",
            "ordem": 3
        }
    },
    {
        "model": "tutoriais.etapa",
        "pk": 13,
        "fields": {
            "tutorial": 5,
            "descricao": "Faça furos de drenagem no fundo dos vasos",
            "ordem": 1
        }
    },
    {
        "model": "tutoriais.etapa",
        "pk": 14,
        "fields": {
            "tutorial": 5,
            "descricao": "Preencha os vasos com substrato deixando 2cm da borda",
            "ordem": 2
        }
    },
    {
        "model": "tutoriais.etapa",
        "pk": 15,
        "fields": {
            "tutorial": 5,
            "descricao": "Plante as sementes na profundidade recomendada na embalagem",
            "ordem": 3
        }
    },
    {
        "model": "tutoriais.etapa",
        "pk": 16,
        "fields": {
            "tutorial": 5,
            "descricao": "Regue suavemente e mantenha o solo úmido até a germinação",
            "ordem": 4
        }
    },
    {
        "model": "tutoriais.etapa",
        "pk": 17,
        "fields": {
            "tutorial": 6,
            "descricao": "Observe a cor e textura dos frutos/vegetais conforme a variedade",
            "ordem": 1
        }
    },
    {
        "model": "tutoriais.etapa",
        "pk": 18,
        "fields": {
            "tutorial": 6,
            "descricao": "Teste a firmeza pressionando suavemente o produto",
            "ordem": 2
        }
    },
    {
        "model": "tutoriais.etapa",
        "pk": 19,
        "fields": {
            "tutorial": 6,
            "descricao": "Corte com cuidado usando tesoura limpa para não danificar a planta",
            "ordem": 3
        }
    }
]